time,resolved_for_weaver,forward_confidence_label,forward_radius_median,weaver_outer_radius,relative_error_vs_weaver,forward_mach_median,forward_profile_aware_mach_median,forward_kinematic_mach,weaver_forward_mach,forward_current_sampled_pressure_ratio,forward_profile_aware_sampled_pressure_ratio,forward_kinematic_expected_pressure_ratio,weaver_expected_pressure_ratio,forward_profile_aware_mach_relative_error_vs_kinematic,forward_kinematic_mach_relative_error_vs_weaver,forward_profile_aware_mach_relative_error_vs_weaver
0.0,False,not_detected,nan,0.0,nan,nan,nan,nan,nan,nan,nan,nan,nan,nan,nan,nan
0.01015811413526535,False,medium,0.0713505052452998,0.048793786989225624,nan,6.683108329772949,11.951459884643555,nan,22.32432381340553,55.579921184350724,178.29674171780513,nan,622.7192921572315,nan,nan,-0.46464403649857366
0.020122401416301727,False,high,0.08009828629502865,0.07353338491679855,nan,9.946802139282227,11.30672836303711,6.800287740869875,16.983673227528467,123.42359099753685,159.55263284438476,57.55489169828139,360.306445374334,0.6626838148455734,-0.5995985291422449,-0.3342589549644491
0.030047163367271423,True,high,0.09533808014205399,0.09353168534931074,0.01931318553703962,10.911545753479004,11.979912757873535,11.894183066707518,14.467122447711642,148.5772884128321,179.14788710782634,176.5894885304398,261.37203989635265,0.007207698980687431,-0.17784734941613095,-0.17192152059454813
0.04004636034369469,True,high,0.11104063937999603,0.11112569843187965,-0.000765430976667942,10.491165161132812,11.436721801757812,12.164126892345491,12.89669200402435,137.33068304770856,163.24825696350305,184.70747881635344,207.655830808332,-0.059799202772655415,-0.056802559249322676,-0.11320501426342207
0.05002691224217415,True,high,0.1266337180718221,0.12699858786872542,-0.002873022472348006,10.116945266723633,10.499000549316406,12.101882682208151,11.798371566721105,127.69072691235215,137.53626566818275,182.81945556741192,173.75196453301626,-0.13244898954839954,0.025724831072716847,-0.11013138635756732
0.06002039089798927,True,high,0.14103313270320317,0.14166284673127222,-0.004445160058540886,9.43394660949707,9.798751831054688,11.161017095888408,10.969428981541636,110.99918578855159,119.76942180824697,155.46037826839162,150.16046522635696,-0.12205565614047516,0.017465641526934413,-0.10672179495002505
0.07006048411130905,True,high,0.15446882140219065,0.15543920034422443,-0.006242819957159115,8.955072402954102,9.298473358154297,10.365680371766157,10.311320715247014,99.99165217768768,107.82700849038154,134.0591619620227,132.6541686158527,-0.10295580949212925,0.005271842280956601,-0.09822673400072336
0.08004457503557205,True,high,0.16710965288160384,0.1683743045636272,-0.0075109541524221056,8.562667846679688,8.879186630249023,9.807148226786747,9.776215972878365,91.3991008157027,98.29994401849126,119.97519542770803,119.21799843545257,-0.09462094128475969,0.003164031358778896,-0.09175629355140295
0.0900275930762291,True,high,0.17917314501992143,0.18067666125070173,-0.008321585202939179,8.280526161193848,8.52391242980957,9.360236345066864,9.327243030653777,85.45889188276965,90.57135388882762,109.26753054438834,108.49682819109931,-0.08934858954689352,0.0035373061798277534,-0.0861273366850289
0.1000795066356659,True,high,0.19106988734773286,0.192523508016702,-0.007550354156454705,8.013951301574707,8.20810317993164,9.167584786177995,8.940575732651212,80.02926933001368,83.96619726550489,104.80576351470279,99.66736803908968,-0.10466023806978791,0.025390876417246914,-0.08192677682317062
0.11006973683834076,True,high,0.2023137190381881,0.2038343768030631,-0.007460261555116417,7.760253429412842,7.9276862144470215,8.717951839194383,8.606694294933662,75.02691661089221,78.31026089341668,94.75335533814089,92.34398335805457,-0.09064808332554276,0.012926861399760887,-0.07889301713508515
0.12000872194766998,True,high,0.2131176056682492,0.21468631393580292,-0.00730697844121921,7.52249002456665,7.677709579467773,8.42002931531982,8.314160888018678,70.48482021213096,73.43403048331402,88.37111708855643,86.15658908982441,-0.0881611818739672,0.012733507172528434,-0.07655027574316951
0.13001428544521332,True,high,0.2235688555738485,0.22525338034256262,-0.007478355113482905,7.317673206329346,7.45177698135376,8.091001939346329,8.052062166149812,66.68542644328801,69.16122522479219,81.58039047813257,80.79463140942649,-0.07900442525962516,0.00483600006967371,-0.07455049059601153
0.1400282382965088,True,high,0.23392373570057434,0.23550820805924094,-0.0067278859268804485,7.113818645477295,7.2465410232543945,8.009679869342536,7.816589386296657,63.00801965092552,65.39044600213606,79.94371451168884,76.12383704245694,-0.09527707205990776,0.024702651438284262,-0.0729280169227797
0.15002664923667908,True,high,0.24388695117535308,0.24545829816743828,-0.006401686167535088,6.939567565917969,7.06095027923584,7.718700069320593,7.603896287714861,59.9469975024258,62.071273557300856,74.22291345016215,72.0240484429048,-0.08521509893862851,0.015098020443968132,-0.07140365780057056
0.16006501019001007,True,high,0.2535401703193419,0.25518463240532185,-0.006444205007486429,6.769847869873047,6.893226146697998,7.448777177025772,7.409433182235023,57.03855022653079,59.14570838690116,69.10535179122503,68.37462510250677,-0.07458284992619418,0.005309987123587378,-0.06966889677535536
0.17008529603481293,True,high,0.2629505589311254,0.2646529474837563,-0.006432531996400202,6.619821548461914,6.743109226226807,7.274498739710257,7.2316407028118315,54.52754666685087,56.586902546031354,65.89791489255764,65.12078406820599,-0.07304826524784243,0.00592646104247979,-0.06755472190357471
0.18001091480255127,True,high,0.2720746099394952,0.27381420599495093,-0.006353198692283275,6.47987174987793,6.604954719543457,7.120422098060352,7.069423724244673,52.23592236858258,54.281783559024234,63.12551356818274,62.22093974114178,-0.07239281202968456,0.0072139364968010185,-0.06570111268169054
0.20000000298023224,True,high,0.28994846296925797,0.2916719561336693,-0.005909012259037632,6.231907367706299,6.354251861572266,6.926292435302193,6.777843670970908,48.29583679959006,50.220645900368254,59.716908624155465,57.173956035150496,-0.08258972301174128,0.021902063773922915,-0.06249654461829215
